pdb,spit,version,energy_myh,energy
7lqm_D.pdb,val,before,1833663834.8831875,1557277.2768808524
7bny_B.pdb,val,before,1583553249286129.8,164948141903824.94
7ool_A.pdb,val,before,127802063875500.36,1510422207.4982936
7fh3_A.pdb,val,before,12126062054400.775,699259.7180147058
7mrq_A.pdb,val,before,7796305886.334029,2054309.844770858
7kpj_E.pdb,val,before,1404893857711882.0,1243437727886118.5
7b1k_B.pdb,val,before,1.5684110418533143e+18,1.568410870275562e+18
